[
  {
    "id": 1,
    "image": {
      "src": "/images/brand/brand-01.png",
      "width": 110,
      "height": 46
    }
  },
  {
    "id": 2,
    "image": {
      "src": "/images/brand/brand-02.png",
      "width": 90,
      "height": 44
    }
  },
  {
    "id": 3,
    "image": {
      "src": "/images/brand/brand-03.png",
      "width": 91,
      "height": 44
    }
  },
  {
    "id": 4,
    "image": {
      "src": "/images/brand/brand-04.png",
      "width": 110,
      "height": 46
    }
  },
  {
    "id": 5,
    "image": {
      "src": "/images/brand/brand-05.png",
      "width": 103,
      "height": 56
    }
  },
  {
    "id": 6,
    "image": {
      "src": "/images/brand/brand-06.png",
      "width": 110,
      "height": 36
    }
  },
  {
    "id": 7,
    "image": {
      "src": "/images/brand/brand-07.png",
      "width": 128,
      "height": 48
    }
  },
  {
    "id": 8,
    "image": {
      "src": "/images/brand/brand-08.png",
      "width": 120,
      "height": 80
    }
  },
  {
    "id": 9,
    "image": {
      "src": "/images/brand/brand-09.png",
      "width": 312,
      "height": 64
    }
  },
  {
    "id": 10,
    "image": {
      "src": "/images/brand/brand-10.png",
      "width": 234,
      "height": 60
    }
  },
  {
    "id": 11,
    "image": {
      "src": "/images/brand/brand-11.png",
      "width": 110,
      "height": 36
    }
  },
  {
    "id": 12,
    "image": {
      "src": "/images/brand/brand-12.png",
      "width": 166,
      "height": 60
    }
  },
  {
    "id": 13,
    "image": {
      "src": "/images/brand/brand-08.png",
      "width": 120,
      "height": 80
    }
  }
]
