[
  {
    "id": 1,
    "icon": {
      "width": "28",
      "height": "36",
      "src": "/images/counterup/shape-01.png"
    },
    "amount": 15,
    "title": "Years of operation"
  },
  {
    "id": 2,
    "icon": {
      "width": "40",
      "height": "28",
      "src": "/images/counterup/shape-02.png"
    },
    "amount": 360,
    "title": "Projects deliverd"
  },
  {
    "id": 3,
    "icon": {
      "width": "40",
      "height": "24",
      "src": "/images/counterup/shape-03.png"
    },
    "amount": 600,
    "title": "Specialist"
  },
  {
    "id": 4,
    "icon": {
      "width": "28",
      "height": "36",
      "src": "/images/counterup/shape-04.png"
    },
    "amount": 64,
    "title": "Years of operation"
  }
]
