[
  {
    "id": 1,
    "client": {
      "id": 1,
      "image": "/images/testimonial/client-01.jpg",
      "fullName": "Martha Maldonado",
      "designation": "Executive Chairman @ Google"
    },
    "description": "Donec metus lorem, vulputate at sapien sit amet, auctor iaculis lorem. In vel hendrerit nisi. Vestibulum eget risus velit.",
    "company": "google"
  },
  {
    "id": 2,
    "client": {
      "id": 2,
      "image": "/images/testimonial/client-02.jpg",
      "fullName": "Cordelia Harvey",
      "designation": "Executive Chairman @ Google"
    },
    "description": "Donec metus lorem, vulputate at sapien sit amet, auctor iaculis lorem. In vel hendrerit nisi. Vestibulum eget risus velit.",
    "company": "google"
  },
  {
    "id": 3,
    "client": {
      "id": 3,
      "image": "/images/testimonial/client-03.png",
      "fullName": "Eugenia Garcia",
      "designation": "Executive Chairman @ Google"
    },
    "description": "Donec metus lorem, vulputate at sapien sit amet, auctor iaculis lorem. In vel hendrerit nisi. Vestibulum eget risus velit.",
    "company": "google"
  },
  {
    "id": 4,
    "client": {
      "id": 4,
      "image": "/images/testimonial/client-04.png",
      "fullName": "Edward Schwartz",
      "designation": "Executive Chairman @ Google"
    },
    "description": "Donec metus lorem, vulputate at sapien sit amet, auctor iaculis lorem. In vel hendrerit nisi. Vestibulum eget risus velit.",
    "company": "google"
  },
  {
    "id": 5,
    "client": {
      "id": 5,
      "image": "/images/testimonial/client-05.png",
      "fullName": "Edward Schwartz",
      "designation": "Executive Chairman @ Google"
    },
    "description": "Donec metus lorem, vulputate at sapien sit amet, auctor iaculis lorem. In vel hendrerit nisi. Vestibulum eget risus velit.",
    "company": "facebook"
  },
  {
    "id": 6,
    "client": {
      "id": 6,
      "image": "/images/testimonial/client-06.png",
      "fullName": "Edward Schwartz",
      "designation": "Executive Chairman @ Google"
    },
    "description": "Donec metus lorem, vulputate at sapien sit amet, auctor iaculis lorem. In vel hendrerit nisi. Vestibulum eget risus velit.",
    "company": "facebook"
  },
  {
    "id": 7,
    "client": {
      "id": 7,
      "image": "/images/testimonial/client-07.png",
      "fullName": "Edward Schwartz",
      "designation": "Executive Chairman @ Google"
    },
    "description": "Donec metus lorem, vulputate at sapien sit amet, auctor iaculis lorem. In vel hendrerit nisi. Vestibulum eget risus velit.",
    "company": "facebook"
  },
  {
    "id": 8,
    "client": {
      "id": 1,
      "image": "/images/testimonial/client-08.png",
      "fullName": "Edward Schwartz",
      "designation": "Executive Chairman @ Google"
    },
    "description": "Donec metus lorem, vulputate at sapien sit amet, auctor iaculis lorem. In vel hendrerit nisi. Vestibulum eget risus velit.",
    "company": "facebook"
  },
  {
    "id": 9,
    "client": {
      "id": 1,
      "image": "/images/testimonial/client-01.png",
      "fullName": "Edward Schwartz",
      "designation": "Executive Chairman @ Google"
    },
    "description": "Donec metus lorem, vulputate at sapien sit amet, auctor iaculis lorem. In vel hendrerit nisi. Vestibulum eget risus velit.",
    "company": "yelp"
  },
  {
    "id": 10,
    "client": {
      "id": 2,
      "image": "/images/testimonial/client-02.png",
      "fullName": "Edward Schwartz",
      "designation": "Executive Chairman @ Google"
    },
    "description": "Donec metus lorem, vulputate at sapien sit amet, auctor iaculis lorem. In vel hendrerit nisi. Vestibulum eget risus velit.",
    "company": "yelp"
  },
  {
    "id": 11,
    "client": {
      "id": 3,
      "image": "/images/testimonial/client-03.png",
      "fullName": "Edward Schwartz",
      "designation": "Executive Chairman @ Google"
    },
    "description": "Donec metus lorem, vulputate at sapien sit amet, auctor iaculis lorem. In vel hendrerit nisi. Vestibulum eget risus velit.",
    "company": "yelp"
  },
  {
    "id": 12,
    "client": {
      "id": 4,
      "image": "/images/testimonial/client-04.png",
      "fullName": "Edward Schwartz",
      "designation": "Executive Chairman @ Google"
    },
    "description": "Donec metus lorem, vulputate at sapien sit amet, auctor iaculis lorem. In vel hendrerit nisi. Vestibulum eget risus velit.",
    "company": "yelp"
  }
]
