[
  {
    "id": 1,
    "image": "/images/portfolio/portfolio-01.jpg",
    "categories": ["ios", "design"],
    "categoryIds": [1, 2],
    "title": "Creative Agency",
    "description": "Donec metus lorem, vulputate at sapien sit amet, auctor iaculis lorem. In vel hendrerit nisi. Vestibulum eget risus velit. Aliquam tristique libero at dui sodales. <br/><br/> et placerat orci lobortis. Maecenas ipsum neque, elementum id dignissim et, imperdiet vitae mauris.",
    "delivered": "Ut condimentum enim nec diam convallis mollis. Sed felis quam, semper dapibus purus sed, rhoncus ullamcorper lacus.",
    "strategy": "Aenean hendrerit laoreet vehicula. Nullam convallis augue at enim gravida pellentesque.",
    "design": "Aenean hendrerit laoreet vehicula. Nullam convallis augue at enim gravida pellentesque.",
    "development": "Aenean hendrerit laoreet vehicula. Nullam convallis augue at enim gravida pellentesque.",
    "videoUrl": "https://www.youtube.com/watch?v=Pj_geat9hvI"
  },
  {
    "id": 2,
    "image": "/images/portfolio/portfolio-02.jpg",
    "categories": ["Branding"],
    "categoryIds": [2, 3],
    "title": "Rent bike",
    "description": "Donec metus lorem, vulputate at sapien sit amet, auctor iaculis lorem. In vel hendrerit nisi. Vestibulum eget risus velit. Aliquam tristique libero at dui sodales. <br/><br/> et placerat orci lobortis. Maecenas ipsum neque, elementum id dignissim et, imperdiet vitae mauris.",
    "delivered": "Ut condimentum enim nec diam convallis mollis. Sed felis quam, semper dapibus purus sed, rhoncus ullamcorper lacus.",
    "strategy": "Aenean hendrerit laoreet vehicula. Nullam convallis augue at enim gravida pellentesque.",
    "design": "Aenean hendrerit laoreet vehicula. Nullam convallis augue at enim gravida pellentesque.",
    "development": "Aenean hendrerit laoreet vehicula. Nullam convallis augue at enim gravida pellentesque.",
    "videoUrl": "https://www.youtube.com/watch?v=Pj_geat9hvI"
  },
  {
    "id": 3,
    "image": "/images/portfolio/portfolio-03.jpg",
    "categories": ["Web application"],
    "categoryIds": [3, 4],
    "title": "All Volees",
    "description": "Donec metus lorem, vulputate at sapien sit amet, auctor iaculis lorem. In vel hendrerit nisi. Vestibulum eget risus velit. Aliquam tristique libero at dui sodales. <br/><br/> et placerat orci lobortis. Maecenas ipsum neque, elementum id dignissim et, imperdiet vitae mauris.",
    "delivered": "Ut condimentum enim nec diam convallis mollis. Sed felis quam, semper dapibus purus sed, rhoncus ullamcorper lacus.",
    "strategy": "Aenean hendrerit laoreet vehicula. Nullam convallis augue at enim gravida pellentesque.",
    "design": "Aenean hendrerit laoreet vehicula. Nullam convallis augue at enim gravida pellentesque.",
    "development": "Aenean hendrerit laoreet vehicula. Nullam convallis augue at enim gravida pellentesque.",
    "videoUrl": "https://www.youtube.com/watch?v=Pj_geat9hvI"
  },
  {
    "id": 4,
    "image": "/images/portfolio/portfolio-04.jpg",
    "categories": ["Branding", "design"],
    "categoryIds": [5, 6],
    "title": "Larq",
    "description": "Donec metus lorem, vulputate at sapien sit amet, auctor iaculis lorem. In vel hendrerit nisi. Vestibulum eget risus velit. Aliquam tristique libero at dui sodales. <br/><br/> et placerat orci lobortis. Maecenas ipsum neque, elementum id dignissim et, imperdiet vitae mauris.",
    "delivered": "Ut condimentum enim nec diam convallis mollis. Sed felis quam, semper dapibus purus sed, rhoncus ullamcorper lacus.",
    "strategy": "Aenean hendrerit laoreet vehicula. Nullam convallis augue at enim gravida pellentesque.",
    "design": "Aenean hendrerit laoreet vehicula. Nullam convallis augue at enim gravida pellentesque.",
    "development": "Aenean hendrerit laoreet vehicula. Nullam convallis augue at enim gravida pellentesque.",
    "videoUrl": "https://www.youtube.com/watch?v=Pj_geat9hvI"
  },
  {
    "id": 5,
    "image": "/images/portfolio/portfolio-05.jpg",
    "categories": ["Branding"],
    "categoryIds": [1, 2],
    "title": "Trendy Design",
    "description": "Donec metus lorem, vulputate at sapien sit amet, auctor iaculis lorem. In vel hendrerit nisi. Vestibulum eget risus velit. Aliquam tristique libero at dui sodales. <br/><br/> et placerat orci lobortis. Maecenas ipsum neque, elementum id dignissim et, imperdiet vitae mauris.",
    "delivered": "Ut condimentum enim nec diam convallis mollis. Sed felis quam, semper dapibus purus sed, rhoncus ullamcorper lacus.",
    "strategy": "Aenean hendrerit laoreet vehicula. Nullam convallis augue at enim gravida pellentesque.",
    "design": "Aenean hendrerit laoreet vehicula. Nullam convallis augue at enim gravida pellentesque.",
    "development": "Aenean hendrerit laoreet vehicula. Nullam convallis augue at enim gravida pellentesque.",
    "videoUrl": "https://www.youtube.com/watch?v=Pj_geat9hvI"
  },
  {
    "id": 6,
    "image": "/images/portfolio/portfolio-01.jpg",
    "categories": ["ios", "design"],
    "categoryIds": [3, 4],
    "title": "Jet Airplane",
    "description": "Donec metus lorem, vulputate at sapien sit amet, auctor iaculis lorem. In vel hendrerit nisi. Vestibulum eget risus velit. Aliquam tristique libero at dui sodales. <br/><br/> et placerat orci lobortis. Maecenas ipsum neque, elementum id dignissim et, imperdiet vitae mauris.",
    "delivered": "Ut condimentum enim nec diam convallis mollis. Sed felis quam, semper dapibus purus sed, rhoncus ullamcorper lacus.",
    "strategy": "Aenean hendrerit laoreet vehicula. Nullam convallis augue at enim gravida pellentesque.",
    "design": "Aenean hendrerit laoreet vehicula. Nullam convallis augue at enim gravida pellentesque.",
    "development": "Aenean hendrerit laoreet vehicula. Nullam convallis augue at enim gravida pellentesque.",
    "videoUrl": "https://www.youtube.com/watch?v=Pj_geat9hvI"
  }
]
