[
  {
    "id": 1,
    "image": "/images/featured/featured-image-01.jpg",
    "subtitle": "featured case study",
    "title": "Logo, identity & web design for Uber",
    "description": "Donec metus lorem, vulputate at sapien sit amet, auctor iaculis lorem. In vel hendrerit nisi. Vestibulum eget risus velit. Aliquam tristique libero at dui sodales, et placerat orci lobortis. Maecenas ipsum neque, elementum id dignissim et, imperdiet vitae mauris.",
    "counter": [
      {
        "title": "ROI increase",
        "amount": 15
      },
      {
        "title": "Monthly website visits",
        "amount": 60
      }
    ],
    "buttonText": "Read Case Study"
  },
  {
    "id": 2,
    "image": "/images/featured/featured-image-03.jpg",
    "subtitle": "featured case study",
    "title": "Logo, identity & web design for Uber",
    "description": "Donec metus lorem, vulputate at sapien sit amet, auctor iaculis lorem. In vel hendrerit nisi. Vestibulum eget risus velit. Aliquam tristique libero at dui sodales, et placerat orci lobortis. Maecenas ipsum neque, elementum id dignissim et, imperdiet vitae mauris.",
    "counter": [
      {
        "title": "ROI increase",
        "amount": 15
      },
      {
        "title": "Monthly website visits",
        "amount": 60
      }
    ],
    "buttonText": "Read Case Study"
  },
  {
    "id": 3,
    "image": "/images/featured/featured-image-04.jpg",
    "subtitle": "featured case study",
    "title": "Logo, identity & web design for Uber",
    "description": "Donec metus lorem, vulputate at sapien sit amet, auctor iaculis lorem. In vel hendrerit nisi. Vestibulum eget risus velit. Aliquam tristique libero at dui sodales, et placerat orci lobortis. Maecenas ipsum neque, elementum id dignissim et, imperdiet vitae mauris.",
    "counter": [
      {
        "title": "ROI increase",
        "amount": 15
      },
      {
        "title": "Monthly website visits",
        "amount": 60
      }
    ],
    "buttonText": "Read Case Study"
  }
]
