[
  {
    "id": 1,
    "client": {
      "id": 1,
      "image": "/images/testimonial/client-01.jpg",
      "fullName": "Martha Maldonado",
      "designation": "Executive Chairman @ Google"
    },
    "description": "Donec metus lorem, vulputate at sapien sit amet, auctor iaculis lorem. In vel hendrerit nisi. Vestibulum eget risus velit."
  },
  {
    "id": 2,
    "client": {
      "id": 2,
      "image": "/images/testimonial/client-02.jpg",
      "fullName": "Martha Maldonado",
      "designation": "Executive Chairman @ Google"
    },
    "description": "Donec metus lorem, vulputate at sapien sit amet, auctor iaculis lorem. In vel hendrerit nisi. Vestibulum eget risus velit."
  }
]
